Entity,Code,Year,share of global production|Bauxite|Mine|tonnes
Albania,ALB,1987,0.017469432
Albania,ALB,1988,0.038674537
Albania,ALB,1989,0.034313593
Albania,ALB,1990,0.020786725
Albania,ALB,1991,0.0072072074
Albania,ALB,1992,0.0038095238
Albania,ALB,1994,0.00018867925
Albania,ALB,1995,0.0013821429
Albania,ALB,1996,0.0028888888
Albania,ALB,1997,0.00365
Albania,ALB,1998,0.0033560975
Albania,ALB,1999,0.0035844962
Australia,AUS,1970,16.013842
Australia,AUS,1971,20.504026
Australia,AUS,1972,22.244993
Australia,AUS,1973,24.994318
Australia,AUS,1974,25.11809
Australia,AUS,1975,28.078876
Australia,AUS,1976,31.11628
Australia,AUS,1977,31.851038
Australia,AUS,1978,29.990755
Australia,AUS,1979,32.261322
Australia,AUS,1980,30.469702
Australia,AUS,1981,29.825783
Australia,AUS,1982,29.791983
Australia,AUS,1983,30.968603
Australia,AUS,1984,36.166183
Australia,AUS,1985,37.81342
Australia,AUS,1986,36.716297
Australia,AUS,1987,37.228954
Australia,AUS,1988,37.15811
Australia,AUS,1989,37.459225
Australia,AUS,1990,36.629204
Australia,AUS,1991,36.48919
Australia,AUS,1992,37.853333
Australia,AUS,1993,37.563637
Australia,AUS,1994,39.77264
Australia,AUS,1995,38.08482
Australia,AUS,1996,36.805984
Australia,AUS,1997,36.4459
Australia,AUS,1998,36.303253
Australia,AUS,1999,37.531784
Australia,AUS,2000,39.560295
Australia,AUS,2001,39.269344
Australia,AUS,2002,37.59375
Australia,AUS,2003,36.341175
Australia,AUS,2004,34.507927
Australia,AUS,2005,33.684643
Australia,AUS,2006,32.010605
Australia,AUS,2007,28.234497
Australia,AUS,2008,28.58821
Australia,AUS,2009,31.659643
Australia,AUS,2010,28.696217
Australia,AUS,2011,27.650156
Australia,AUS,2012,30.15069
Australia,AUS,2013,27.40518
Australia,AUS,2014,30.47713
Australia,AUS,2015,27.520157
Australia,AUS,2016,29.2018
Australia,AUS,2017,29.03266
Australia,AUS,2018,28.137123
Australia,AUS,2019,27.686317
Australia,AUS,2020,26.598465
Australia,AUS,2021,26.822916
Australia,AUS,2022,25.5
Australia,AUS,2023,24.5
Bosnia and Herzegovina,BIH,1992,0.1904762
Bosnia and Herzegovina,BIH,1993,0.09090909
Bosnia and Herzegovina,BIH,1994,0.070754714
Bosnia and Herzegovina,BIH,1995,0.06696428
Bosnia and Herzegovina,BIH,2000,0.18727942
Bosnia and Herzegovina,BIH,2001,0.06569343
Bosnia and Herzegovina,BIH,2002,0.049513888
Bosnia and Herzegovina,BIH,2003,0.3745098
Bosnia and Herzegovina,BIH,2004,0.55908537
Bosnia and Herzegovina,BIH,2005,0.57955056
Bosnia and Herzegovina,BIH,2006,0.4425114
Bosnia and Herzegovina,BIH,2007,0.3922774
Bosnia and Herzegovina,BIH,2008,0.45461294
Bosnia and Herzegovina,BIH,2009,0.265933
Bosnia and Herzegovina,BIH,2010,0.34640545
Bosnia and Herzegovina,BIH,2011,0.27862677
Bosnia and Herzegovina,BIH,2012,0.31633043
Bosnia and Herzegovina,BIH,2013,0.2219983
Bosnia and Herzegovina,BIH,2014,0.23457946
Bosnia and Herzegovina,BIH,2015,0.2678262
Bosnia and Herzegovina,BIH,2016,0.2582549
Bosnia and Herzegovina,BIH,2017,0.24038441
Bosnia and Herzegovina,BIH,2018,0.22294545
Bosnia and Herzegovina,BIH,2019,0.26890284
Bosnia and Herzegovina,BIH,2020,0.15850332
Bosnia and Herzegovina,BIH,2021,0.1758513
Bosnia and Herzegovina,BIH,2022,0.1749815
Brazil,BRA,1970,0.88235295
Brazil,BRA,1971,0.91143316
Brazil,BRA,1972,1.1787366
Brazil,BRA,1973,1.2059659
Brazil,BRA,1974,1.0778894
Brazil,BRA,1975,1.2954545
Brazil,BRA,1976,1.2894057
Brazil,BRA,1977,1.6507937
Brazil,BRA,1978,1.7297543
Brazil,BRA,1979,2.5325005
Brazil,BRA,1980,5.1926627
Brazil,BRA,1981,4.7462425
Brazil,BRA,1982,4.375697
Brazil,BRA,1983,5.4399505
Brazil,BRA,1984,6.7690105
Brazil,BRA,1985,6.300115
Brazil,BRA,1986,6.143151
Brazil,BRA,1987,6.961408
Brazil,BRA,1988,7.5852156
Brazil,BRA,1989,7.2710156
Brazil,BRA,1990,8.627388
Brazil,BRA,1991,9.337117
Brazil,BRA,1992,9.634329
Brazil,BRA,1993,9.770487
Brazil,BRA,1994,9.248393
Brazil,BRA,1995,10.371787
Brazil,BRA,1996,10.75832
Brazil,BRA,1997,9.458987
Brazil,BRA,1998,9.403901
Brazil,BRA,1999,9.815307
Brazil,BRA,2000,10.2753525
Brazil,BRA,2001,9.772336
Brazil,BRA,2002,9.1304865
Brazil,BRA,2003,12.063268
Brazil,BRA,2004,12.507195
Brazil,BRA,2005,12.564382
Brazil,BRA,2006,12.039534
Brazil,BRA,2007,11.5206785
Brazil,BRA,2008,12.543527
Brazil,BRA,2009,12.475789
Brazil,BRA,2010,13.400837
Brazil,BRA,2011,13.238031
Brazil,BRA,2012,13.82917
Brazil,BRA,2013,11.453986
Brazil,BRA,2014,14.074883
Brazil,BRA,2015,12.604422
Brazil,BRA,2016,13.721748
Brazil,BRA,2017,12.361072
Brazil,BRA,2018,9.386188
Brazil,BRA,2019,8.231418
Brazil,BRA,2020,7.9283886
Brazil,BRA,2021,8.59375
Brazil,BRA,2022,7.5
Brazil,BRA,2023,7.75
Canada,CAN,2020,0
Canada,CAN,2021,0
Canada,CAN,2022,0
Canada,CAN,2023,0
China,CHN,1970,0.8650519
China,CHN,1971,0.80515295
China,CHN,1972,0.84745765
China,CHN,1973,0.85227275
China,CHN,1974,0.879397
China,CHN,1975,1.2032086
China,CHN,1976,1.4211886
China,CHN,1977,1.4652015
China,CHN,1978,1.7283951
China,CHN,1979,1.754386
China,CHN,1980,1.9058295
China,CHN,1981,2.1101992
China,CHN,1982,2.4590163
China,CHN,1983,2.668361
China,CHN,1984,2.8669724
China,CHN,1985,3.3254156
China,CHN,1986,3.2879817
China,CHN,1987,3.4934497
China,CHN,1988,3.593429
China,CHN,1989,1.9953398
China,CHN,1990,3.2346902
China,CHN,1991,5.338739
China,CHN,1992,6.343714
China,CHN,1993,5.880182
China,CHN,1994,6.2465096
China,CHN,1995,7.370982
China,CHN,1996,7.588718
China,CHN,1997,7.377049
China,CHN,1998,5.203252
China,CHN,1999,5.5038757
China,CHN,2000,5.8088236
China,CHN,2001,6.3138685
China,CHN,2002,8.999097
China,CHN,2003,9.520915
China,CHN,2004,10.681707
China,CHN,2005,9.779887
China,CHN,2006,9.835026
China,CHN,2007,9.251584
China,CHN,2008,11.239688
China,CHN,2009,13.97756
China,CHN,2010,15.413054
China,CHN,2011,14.635354
China,CHN,2012,17.411976
China,CHN,2013,17.006548
China,CHN,2014,22.950542
China,CHN,2015,20.676054
China,CHN,2016,23.13206
China,CHN,2017,22.402597
China,CHN,2018,20.748158
China,CHN,2019,10.824742
China,CHN,2020,23.70844
China,CHN,2021,23.4375
China,CHN,2022,22.5
China,CHN,2023,23.25
Colombia,COL,2012,0.00015177866
Colombia,COL,2013,0.00037432433
Colombia,COL,2014,0.00023294573
Colombia,COL,2015,0.00029285715
Colombia,COL,2016,0.0002423077
Colombia,COL,2017,0.0007792208
Colombia,COL,2018,0.0040076245
Colombia,COL,2019,0.0046474226
Colombia,COL,2020,0.0024539642
Colombia,COL,2021,0.00083333335
Colombia,COL,2022,0
Cote d'Ivoire,CIV,2016,0
Cote d'Ivoire,CIV,2017,0
Cote d'Ivoire,CIV,2018,0
Cote d'Ivoire,CIV,2019,0
Cote d'Ivoire,CIV,2020,0.069640666
Cote d'Ivoire,CIV,2021,0
Cote d'Ivoire,CIV,2022,0
Croatia,HRV,1992,0.0065504764
Croatia,HRV,1993,0.0015363636
Croatia,HRV,1994,0.0012283019
Croatia,HRV,2009,0.00023923445
Croatia,HRV,2010,0.0009623431
Croatia,HRV,2011,0.0018897637
Croatia,HRV,2012,0.0022490118
Croatia,HRV,2013,0.002777027
Croatia,HRV,2014,0.0035465115
Croatia,HRV,2015,0.004047619
Croatia,HRV,2016,0.0034195804
Croatia,HRV,2017,0.003965909
Croatia,HRV,2018,0.0034545455
Croatia,HRV,2019,0.0036963918
Croatia,HRV,2020,0.003601023
Croatia,HRV,2021,0.0037630207
Croatia,HRV,2022,0.0044375
Dominican Republic,DOM,1970,1.8788928
Dominican Republic,DOM,1971,1.6618358
Dominican Republic,DOM,1972,1.6748844
Dominican Republic,DOM,1973,1.5426136
Dominican Republic,DOM,1974,1.5025126
Dominican Republic,DOM,1975,1.0320855
Dominican Republic,DOM,1976,0.8010336
Dominican Republic,DOM,1977,0.7020757
Dominican Republic,DOM,1978,0.70135677
Dominican Republic,DOM,1979,0.61303043
Dominican Republic,DOM,1980,0.5722668
Dominican Republic,DOM,1981,0.47563893
Dominican Republic,DOM,1982,0.19199243
Dominican Republic,DOM,1987,0.20378931
Dominican Republic,DOM,1988,0.17227925
Dominican Republic,DOM,1989,0.14642039
Dominican Republic,DOM,1990,0.07536637
Dominican Republic,DOM,1991,0.0058684684
Dominican Republic,DOM,2003,0.0042359475
Dominican Republic,DOM,2004,0.049971953
Dominican Republic,DOM,2005,0.3003118
Dominican Republic,DOM,2006,0.047695335
Dominican Republic,DOM,2007,0.053059727
Dominican Republic,DOM,2008,0.030295536
Dominican Republic,DOM,2009,0.025510527
Dominican Republic,DOM,2010,0.0037188285
Dominican Republic,DOM,2011,0
Dominican Republic,DOM,2012,0.004158893
Dominican Republic,DOM,2013,0.25997636
Dominican Republic,DOM,2014,0.6780264
Dominican Republic,DOM,2015,0.5864497
Dominican Republic,DOM,2016,0.0030755245
Dominican Republic,DOM,2017,0
Dominican Republic,DOM,2018,0.0019134898
Dominican Republic,DOM,2019,0.001946134
Dominican Republic,DOM,2020,0.0024232736
Dominican Republic,DOM,2021,0.018624218
Dominican Republic,DOM,2022,0.0260395
Fiji,FJI,2009,0
Fiji,FJI,2010,0
Fiji,FJI,2011,0
Fiji,FJI,2012,0.13816443
Fiji,FJI,2013,0.19080304
Fiji,FJI,2014,0.18971938
Fiji,FJI,2015,0.041063264
Fiji,FJI,2016,0.020804197
Fiji,FJI,2017,0.019480519
Fiji,FJI,2018,0.017008798
Fiji,FJI,2019,0
Fiji,FJI,2020,0
Fiji,FJI,2021,0
Fiji,FJI,2022,0
France,FRA,1970,5.278547
France,FRA,1971,5.127214
France,FRA,1972,5.05547
France,FRA,1973,4.705966
France,FRA,1974,3.6407034
France,FRA,1975,3.4184492
France,FRA,1976,3.010336
France,FRA,1977,2.5140414
France,FRA,1978,2.5209877
France,FRA,1979,2.3906434
France,FRA,1980,2.1580718
France,FRA,1981,2.186401
France,FRA,1982,2.1273644
France,FRA,1983,2.1105464
France,FRA,1984,1.8428899
France,FRA,1985,1.816627
France,FRA,1986,1.5634921
France,FRA,1987,1.5155022
France,FRA,1988,1.0037987
France,FRA,1989,0.53439516
France,FRA,1990,0.43345577
France,FRA,1991,0.16513513
France,FRA,1992,0.099047616
France,FRA,1993,0.13727273
France,FRA,1994,0.12075472
France,FRA,1995,0.11696429
France,FRA,1996,0.14102565
France,FRA,1997,0.13852459
France,FRA,1998,0.13821138
France,FRA,1999,0.13178295
France,FRA,2000,0.1360294
France,FRA,2001,0.11167883
France,FRA,2002,0.104166664
France,FRA,2003,0.11111111
France,FRA,2004,0.103658535
France,FRA,2005,0.098314606
France,FRA,2006,0.08290155
France,FRA,2007,0.07239819
France,FRA,2008,0.045401786
France,FRA,2009,0.062057417
France,FRA,2010,0.038953975
France,FRA,2011,0.031811025
France,FRA,2012,0.027470356
France,FRA,2013,0.033783782
France,FRA,2014,0.02751938
France,FRA,2015,0.023809524
France,FRA,2016,0.03846154
France,FRA,2017,0.042532466
France,FRA,2018,0.04070381
France,FRA,2019,0.03113402
France,FRA,2020,0.03158568
France,FRA,2021,0.0371875
France,FRA,2022,0.0295
Germany,DEU,2020,0
Germany,DEU,2021,0
Germany,DEU,2022,0
Germany,DEU,2023,0
Ghana,GHA,1970,0.5916955
Ghana,GHA,1971,0.52012885
Ghana,GHA,1972,0.5161787
Ghana,GHA,1973,0.44886363
Ghana,GHA,1974,0.40703517
Ghana,GHA,1975,0.4197861
Ghana,GHA,1976,0.34496123
Ghana,GHA,1977,0.34554335
Ghana,GHA,1978,0.4048148
Ghana,GHA,1979,0.2752047
Ghana,GHA,1980,0.25235426
Ghana,GHA,1981,0.21254396
Ghana,GHA,1982,0.08007566
Ghana,GHA,1983,0.08945362
Ghana,GHA,1984,0.055619266
Ghana,GHA,1985,0.20130642
Ghana,GHA,1986,0.23129252
Ghana,GHA,1987,0.2128821
Ghana,GHA,1988,0.2949692
Ghana,GHA,1989,0.3369903
Ghana,GHA,1990,0.3381416
Ghana,GHA,1991,0.43702704
Ghana,GHA,1992,0.32209525
Ghana,GHA,1993,0.3851818
Ghana,GHA,1994,0.40198115
Ghana,GHA,1995,0.45794642
Ghana,GHA,1996,0.40444446
Ghana,GHA,1997,0.42557377
Ghana,GHA,1998,0.3125252
Ghana,GHA,1999,0.27539614
Ghana,GHA,2000,0.3704588
Ghana,GHA,2001,0.50556207
Ghana,GHA,2002,0.47475973
Ghana,GHA,2003,0.32334378
Ghana,GHA,2004,0.3036951
Ghana,GHA,2005,0.3408427
Ghana,GHA,2006,0.43615285
Ghana,GHA,2007,0.46758732
Ghana,GHA,2008,0.35535714
Ghana,GHA,2009,0.21052632
Ghana,GHA,2010,0.21431297
Ghana,GHA,2011,0.15750748
Ghana,GHA,2012,0.29753795
Ghana,GHA,2013,0.27938986
Ghana,GHA,2014,0.3093465
Ghana,GHA,2015,0.34510374
Ghana,GHA,2016,0.39988673
Ghana,GHA,2017,0.47953442
Ghana,GHA,2018,0.2965695
Ghana,GHA,2019,0.28771496
Ghana,GHA,2020,0.2972087
Ghana,GHA,2021,0.21861067
Ghana,GHA,2022,0.19330326
Greece,GRC,1970,3.9653978
Greece,GRC,1971,4.652174
Greece,GRC,1972,3.7627118
Greece,GRC,1973,3.903409
Greece,GRC,1974,3.496231
Greece,GRC,1975,4.018717
Greece,GRC,1976,0.031007752
Greece,GRC,1977,3.5189254
Greece,GRC,1978,3.227584
Greece,GRC,1979,3.1850936
Greece,GRC,1980,3.653426
Greece,GRC,1981,3.808701
Greece,GRC,1982,3.6416836
Greece,GRC,1983,3.0943406
Greece,GRC,1984,2.621726
Greece,GRC,1985,2.780368
Greece,GRC,1986,2.6246734
Greece,GRC,1987,2.6812096
Greece,GRC,1988,2.5264702
Greece,GRC,1989,2.4757428
Greece,GRC,1990,2.2221558
Greece,GRC,1991,1.950246
Greece,GRC,1992,1.9794714
Greece,GRC,1993,2.0049982
Greece,GRC,1994,2.0720482
Greece,GRC,1995,1.9644777
Greece,GRC,1996,2.095499
Greece,GRC,1997,1.5385107
Greece,GRC,1998,1.3935146
Greece,GRC,1999,1.4593062
Greece,GRC,2000,1.3371507
Greece,GRC,2001,1.3892555
Greece,GRC,2002,1.7305555
Greece,GRC,2003,1.5803921
Greece,GRC,2004,1.4610152
Greece,GRC,2005,1.3715972
Greece,GRC,2006,1.1206735
Greece,GRC,2007,0.9619457
Greece,GRC,2008,0.9705357
Greece,GRC,2009,0.92583734
Greece,GRC,2010,0.7958159
Greece,GRC,2011,0.9149606
Greece,GRC,2012,0.71778655
Greece,GRC,2013,0.62297297
Greece,GRC,2014,0.7271318
Greece,GRC,2015,0.62278914
Greece,GRC,2016,0.6573427
Greece,GRC,2017,0.62564933
Greece,GRC,2018,0.471261
Greece,GRC,2019,0.3845361
Greece,GRC,2020,0.3652174
Greece,GRC,2021,0.31966093
Greece,GRC,2022,0.3
Greece,GRC,2023,0.3
Guinea,GIN,1970,4.49827
Guinea,GIN,1971,3.236715
Guinea,GIN,1972,3.1571648
Guinea,GIN,1973,5.255682
Guinea,GIN,1974,9.547739
Guinea,GIN,1975,11.2379675
Guinea,GIN,1976,14.620155
Guinea,GIN,1977,13.273504
Guinea,GIN,1978,14.380247
Guinea,GIN,1979,15.647953
Guinea,GIN,1980,15.595291
Guinea,GIN,1981,15.031653
Guinea,GIN,1982,14.914754
Guinea,GIN,1983,14.276238
Guinea,GIN,1984,14.872821
Guinea,GIN,1985,13.954869
Guinea,GIN,1986,16.962585
Guinea,GIN,1987,17.918121
Guinea,GIN,1988,18.33573
Guinea,GIN,1989,17.035923
Guinea,GIN,1990,14.292035
Guinea,GIN,1991,15.373874
Guinea,GIN,1992,15.23487
Guinea,GIN,1993,15.4948225
Guinea,GIN,1994,13.993773
Guinea,GIN,1995,15.833439
Guinea,GIN,1996,15.805641
Guinea,GIN,1997,13.532787
Guinea,GIN,1998,13.560015
Guinea,GIN,1999,13.503179
Guinea,GIN,2000,13.229339
Guinea,GIN,2001,12.636569
Guinea,GIN,2002,12.138889
Guinea,GIN,2003,11.1583
Guinea,GIN,2004,11.46067
Guinea,GIN,2005,10.807472
Guinea,GIN,2006,9.732605
Guinea,GIN,2007,8.3796425
Guinea,GIN,2008,7.8938975
Guinea,GIN,2009,7.0690145
Guinea,GIN,2010,6.505687
Guinea,GIN,2011,6.9264174
Guinea,GIN,2012,7.044664
Guinea,GIN,2013,6.8746624
Guinea,GIN,2014,7.863566
Guinea,GIN,2015,7.110544
Guinea,GIN,2016,11.337039
Guinea,GIN,2017,16.786222
Guinea,GIN,2018,17.470295
Guinea,GIN,2019,18.085909
Guinea,GIN,2020,21.994884
Guinea,GIN,2021,22.395834
Guinea,GIN,2022,25
Guinea,GIN,2023,24.25
Guyana,GUY,1970,5.555363
Guyana,GUY,1971,3.7552335
Guyana,GUY,1972,5.742681
Guyana,GUY,1973,5.1448865
Guyana,GUY,1974,4.530151
Guyana,GUY,1975,5.1189837
Guyana,GUY,1976,4.015504
Guyana,GUY,1977,4.0830283
Guyana,GUY,1978,4.2950616
Guyana,GUY,1979,3.922807
Guyana,GUY,1980,3.4215248
Guyana,GUY,1981,2.8087926
Guyana,GUY,1982,3.9230692
Guyana,GUY,1983,2.8387623
Guyana,GUY,1984,3.4812477
Guyana,GUY,1985,2.557228
Guyana,GUY,1986,2.351381
Guyana,GUY,1987,2.5671353
Guyana,GUY,1988,1.8212526
Guyana,GUY,1989,1.2826029
Guyana,GUY,1990,1.2601575
Guyana,GUY,1991,1.9332496
Guyana,GUY,1992,2.2607229
Guyana,GUY,1993,1.8938181
Guyana,GUY,1994,1.8784264
Guyana,GUY,1995,1.8107858
Guyana,GUY,1996,2.115777
Guyana,GUY,1997,2.0253239
Guyana,GUY,1998,1.8433887
Guyana,GUY,1999,1.8288931
Guyana,GUY,2000,1.9775375
Guyana,GUY,2001,1.4681029
Guyana,GUY,2002,1.1383792
Guyana,GUY,2003,1.1191084
Guyana,GUY,2004,0.9017665
Guyana,GUY,2005,0.9517562
Guyana,GUY,2006,0.76615024
Guyana,GUY,2007,1.0148995
Guyana,GUY,2008,0.93403435
Guyana,GUY,2009,0.71049523
Guyana,GUY,2010,0.45293388
Guyana,GUY,2011,0.71590513
Guyana,GUY,2012,0.87508774
Guyana,GUY,2013,0.578798
Guyana,GUY,2014,0.6060322
Guyana,GUY,2015,0.51920646
Guyana,GUY,2016,0.51716435
Guyana,GUY,2017,0.4737737
Guyana,GUY,2018,0.56482494
Guyana,GUY,2019,0.49478015
Guyana,GUY,2020,0.15554169
Guyana,GUY,2021,0.1610552
Guyana,GUY,2022,0.17640775
Haiti,HTI,1970,1.117647
Haiti,HTI,1971,1.2109501
Haiti,HTI,1972,1.1864407
Haiti,HTI,1973,1.1221591
Haiti,HTI,1974,0.99623114
Haiti,HTI,1975,0.69786096
Haiti,HTI,1976,0.85271317
Haiti,HTI,1977,0.9023199
Haiti,HTI,1978,0.77074075
Haiti,HTI,1979,0.5102924
Haiti,HTI,1980,0.3293722
Haiti,HTI,1981,0.4803048
Haiti,HTI,1982,0.47540984
Hungary,HUN,1970,3.4982698
Hungary,HUN,1971,3.3655396
Hungary,HUN,1972,3.633282
Hungary,HUN,1973,3.6931818
Hungary,HUN,1974,3.4560301
Hungary,HUN,1975,3.8636363
Hungary,HUN,1976,3.7700257
Hungary,HUN,1977,3.6007326
Hungary,HUN,1978,3.5790124
Hungary,HUN,1979,3.4807017
Hungary,HUN,1980,3.307175
Hungary,HUN,1981,0.34466588
Hungary,HUN,1982,3.3127365
Hungary,HUN,1983,3.7064803
Hungary,HUN,1984,3.433061
Hungary,HUN,1985,3.3429823
Hungary,HUN,1986,3.4266405
Hungary,HUN,1987,3.3853712
Hungary,HUN,1988,2.6622176
Hungary,HUN,1989,2.5669904
Hungary,HUN,1990,2.2646902
Hungary,HUN,1991,1.8348649
Hungary,HUN,1992,1.6391429
Hungary,HUN,1993,1.4193636
Hungary,HUN,1994,0.78839624
Hungary,HUN,1995,0.9085714
Hungary,HUN,1996,0.90239316
Hungary,HUN,1997,0.6087705
Hungary,HUN,1998,0.7389431
Hungary,HUN,1999,0.7249612
Hungary,HUN,2000,0.76946324
Hungary,HUN,2001,0.72995913
Hungary,HUN,2002,0.5
Hungary,HUN,2003,0.43523136
Hungary,HUN,2004,0.39434513
Hungary,HUN,2005,0.30075112
Hungary,HUN,2006,0.27889016
Hungary,HUN,2007,0.24719909
Hungary,HUN,2008,0.22827545
Hungary,HUN,2009,0.1277512
Hungary,HUN,2010,0.12845188
Hungary,HUN,2011,0.109370075
Hungary,HUN,2012,0.100790516
Hungary,HUN,2013,0.031655405
Hungary,HUN,2014,0.0055813952
Hungary,HUN,2015,0.0028231293
Hungary,HUN,2016,0.0058391606
Hungary,HUN,2017,0.00042207792
Hungary,HUN,2018,0.0012316715
Hungary,HUN,2019,0
Hungary,HUN,2020,0
Hungary,HUN,2021,0
Hungary,HUN,2022,0
India,IND,1970,2.370242
India,IND,1971,2.4428341
India,IND,1972,2.5947611
India,IND,1973,1.8352273
India,IND,1974,1.3994975
India,IND,1975,1.7032086
India,IND,1976,1.8720931
India,IND,1977,1.8547008
India,IND,1978,2.0530865
India,IND,1979,2.283041
India,IND,1980,2.001121
India,IND,1981,2.291911
India,IND,1982,2.4643896
India,IND,1983,2.4514256
India,IND,1984,2.3344564
India,IND,1985,2.693322
India,IND,1986,3.0183673
India,IND,1987,3.0334914
India,IND,1988,4.1201234
India,IND,1989,4.361165
India,IND,1990,4.29469
India,IND,1991,4.2657657
India,IND,1992,4.89992
India,IND,1993,5.031739
India,IND,1994,4.6213903
India,IND,1995,4.9685493
India,IND,1996,5.1586146
India,IND,1997,5.0099435
India,IND,1998,5.3735976
India,IND,1999,5.465072
India,IND,2000,5.8770456
India,IND,2001,6.342155
India,IND,2002,6.8523993
India,IND,2003,7.1403832
India,IND,2004,7.295129
India,IND,2005,7.076294
India,IND,2006,8.151572
India,IND,2007,10.237538
India,IND,2008,6.901876
India,IND,2009,6.7579393
India,IND,2010,5.3233557
India,IND,2011,5.35416
India,IND,2012,6.524885
India,IND,2013,7.5402527
India,IND,2014,8.718477
India,IND,2015,9.565914
India,IND,2016,8.652268
India,IND,2017,7.3980865
India,IND,2018,6.9465456
India,IND,2019,5.68902
India,IND,2020,5.16624
India,IND,2021,4.53125
India,IND,2022,6
India,IND,2023,5.75
Indonesia,IDN,1970,2.115917
Indonesia,IDN,1971,1.9935588
Indonesia,IDN,1972,1.9676425
Indonesia,IDN,1973,1.7457386
Indonesia,IDN,1974,1.620603
Indonesia,IDN,1975,1.3275402
Indonesia,IDN,1976,1.2144703
Indonesia,IDN,1977,1.5885226
Indonesia,IDN,1978,1.2441308
Indonesia,IDN,1979,1.2302983
Indonesia,IDN,1980,1.4003621
Indonesia,IDN,1981,1.4107621
Indonesia,IDN,1982,0.8830353
Indonesia,IDN,1983,0.9883977
Indonesia,IDN,1984,1.1847328
Indonesia,IDN,1985,0.9863076
Indonesia,IDN,1986,0.73682654
Indonesia,IDN,1987,0.69356877
Indonesia,IDN,1988,0.5267485
Indonesia,IDN,1989,0.83719707
Indonesia,IDN,1990,1.0299292
Indonesia,IDN,1991,1.1228126
Indonesia,IDN,1992,0.7652448
Indonesia,IDN,1993,1.20038
Indonesia,IDN,1994,1.266417
Indonesia,IDN,1995,0.8027098
Indonesia,IDN,1996,0.71963763
Indonesia,IDN,1997,0.66290903
Indonesia,IDN,1998,0.8582496
Indonesia,IDN,1999,0.86536664
Indonesia,IDN,2000,0.8461588
Indonesia,IDN,2001,0.90292406
Indonesia,IDN,2002,0.891309
Indonesia,IDN,2003,0.8252974
Indonesia,IDN,2004,0.81147987
Indonesia,IDN,2005,1.405964
Indonesia,IDN,2006,3.7668767
Indonesia,IDN,2007,5.2774405
Indonesia,IDN,2008,7.496146
Indonesia,IDN,2009,7.0432153
Indonesia,IDN,2010,11.468776
Indonesia,IDN,2011,16.001516
Indonesia,IDN,2012,12.428192
Indonesia,IDN,2013,19.264788
Indonesia,IDN,2014,0.990864
Indonesia,IDN,2015,0.20782313
Indonesia,IDN,2016,0.5192308
Indonesia,IDN,2017,1.3636364
Indonesia,IDN,2018,3.8836355
Indonesia,IDN,2019,4.2764792
Indonesia,IDN,2020,5.319693
Indonesia,IDN,2021,5.46875
Indonesia,IDN,2022,5.25
Indonesia,IDN,2023,5
Iran,IRN,1987,0.06550218
Iran,IRN,1988,0.09500719
Iran,IRN,1989,0.071938835
Iran,IRN,1990,0.08186637
Iran,IRN,1991,0.08867117
Iran,IRN,1992,0.16128571
Iran,IRN,1993,0.045454547
Iran,IRN,1994,0.1360434
Iran,IRN,1995,0.17213392
Iran,IRN,1996,0.19694017
Iran,IRN,1997,0.20081885
Iran,IRN,1998,0.2731756
Iran,IRN,1999,0.3578597
Iran,IRN,2000,0.35671324
Iran,IRN,2001,0.20720948
Iran,IRN,2002,0.22472222
Iran,IRN,2003,0.25580916
Iran,IRN,2004,0.2560701
Iran,IRN,2005,0.2458399
Iran,IRN,2006,0.25906736
Iran,IRN,2007,0.23565611
Iran,IRN,2008,0.23214285
Iran,IRN,2009,0.24976937
Iran,IRN,2010,0.28503555
Iran,IRN,2011,0.32213542
Iran,IRN,2012,0.35511345
Iran,IRN,2013,0.30525643
Iran,IRN,2014,0.2900376
Iran,IRN,2015,0.28594592
Iran,IRN,2016,0.30358568
Iran,IRN,2017,0.33981624
Iran,IRN,2018,0.23613812
Iran,IRN,2019,0.29978326
Iran,IRN,2020,0.2851683
Iran,IRN,2021,0.2890625
Iran,IRN,2022,0.25
Iraq,IRQ,2004,0
Iraq,IRQ,2005,0
Iraq,IRQ,2006,0
Iraq,IRQ,2007,0
Iraq,IRQ,2008,0.0022
Iraq,IRQ,2009,0.00011961722
Iraq,IRQ,2010,0.0014016737
Ireland,IRL,2020,0
Ireland,IRL,2021,0
Ireland,IRL,2022,0
Ireland,IRL,2023,0
Italy,ITA,1970,0.35640138
Italy,ITA,1971,0.30756843
Italy,ITA,1972,0.1494607
Italy,ITA,1973,0.07102273
Italy,ITA,1974,0.040201005
Italy,ITA,1975,0.04278075
Italy,ITA,1976,3.2338502
Italy,ITA,1977,0.042735044
Italy,ITA,1978,0.030135803
Italy,ITA,1979,0.030520467
Italy,ITA,1980,0.026076233
Italy,ITA,1981,0.022274327
Italy,ITA,1982,0.030025221
Italy,ITA,1983,0.01666836
Italy,ITA,1984,0
Italy,ITA,1985,0
Italy,ITA,1986,0
Italy,ITA,1987,0.018075328
Italy,ITA,1988,0.017582135
Italy,ITA,1989,0.011418447
Italy,ITA,1990,0.00029911505
Italy,ITA,1991,0.007837838
Italy,ITA,1992,0.092857145
Italy,ITA,1993,0.08190909
Italy,ITA,1994,0.022075472
Italy,ITA,1995,0.01
Jamaica,JAM,1970,20.778547
Jamaica,JAM,1971,19.63607
Jamaica,JAM,1972,20.013868
Jamaica,JAM,1973,19.161932
Jamaica,JAM,1974,19.125628
Jamaica,JAM,1975,15.1123
Jamaica,JAM,1976,13.319121
Jamaica,JAM,1977,13.960928
Jamaica,JAM,1978,14.488531
Jamaica,JAM,1979,13.456262
Jamaica,JAM,1980,13.428592
Jamaica,JAM,1981,13.60607
Jamaica,JAM,1982,10.287077
Jamaica,JAM,1983,9.815735
Jamaica,JAM,1984,9.868119
Jamaica,JAM,1985,7.385867
Jamaica,JAM,1986,7.8832197
Jamaica,JAM,1987,8.408297
Jamaica,JAM,1988,7.5112934
Jamaica,JAM,1989,9.21068
Jamaica,JAM,1990,9.70354
Jamaica,JAM,1991,10.459459
Jamaica,JAM,1992,10.825714
Jamaica,JAM,1993,10.167273
Jamaica,JAM,1994,10.909434
Jamaica,JAM,1995,9.694189
Jamaica,JAM,1996,10.109943
Jamaica,JAM,1997,9.825659
Jamaica,JAM,1998,10.281658
Jamaica,JAM,1999,9.060838
Jamaica,JAM,2000,8.181268
Jamaica,JAM,2001,9.028939
Jamaica,JAM,2002,9.110728
Jamaica,JAM,2003,8.787273
Jamaica,JAM,2004,8.107611
Jamaica,JAM,2005,7.9305577
Jamaica,JAM,2006,7.7022543
Jamaica,JAM,2007,6.591737
Jamaica,JAM,2008,6.533974
Jamaica,JAM,2009,3.8774564
Jamaica,JAM,2010,3.5731602
Jamaica,JAM,2011,4.0113845
Jamaica,JAM,2012,3.6914194
Jamaica,JAM,2013,3.1875722
Jamaica,JAM,2014,3.7506578
Jamaica,JAM,2015,3.2751102
Jamaica,JAM,2016,2.9860594
Jamaica,JAM,2017,2.6768272
Jamaica,JAM,2018,2.949627
Jamaica,JAM,2019,2.3253314
Jamaica,JAM,2020,1.9309464
Jamaica,JAM,2021,1.5494791
Jamaica,JAM,2022,1.0925
Jamaica,JAM,2023,1.5
Kazakhstan,KAZ,1992,1.6495239
Kazakhstan,KAZ,1993,1.5454545
Kazakhstan,KAZ,1994,2.4377358
Kazakhstan,KAZ,1995,2.9629464
Kazakhstan,KAZ,1996,2.8597436
Kazakhstan,KAZ,1997,2.8
Kazakhstan,KAZ,1998,2.7941463
Kazakhstan,KAZ,1999,2.7957366
Kazakhstan,KAZ,2000,2.742353
Kazakhstan,KAZ,2001,2.689854
Kazakhstan,KAZ,2002,3.039375
Kazakhstan,KAZ,2003,3.0961437
Kazakhstan,KAZ,2004,2.8691463
Kazakhstan,KAZ,2005,2.7052808
Kazakhstan,KAZ,2006,2.5304663
Kazakhstan,KAZ,2007,2.2455204
Kazakhstan,KAZ,2008,2.3035715
Kazakhstan,KAZ,2009,2.4545455
Kazakhstan,KAZ,2010,2.2217574
Kazakhstan,KAZ,2011,2.1633859
Kazakhstan,KAZ,2012,2.0434783
Kazakhstan,KAZ,2013,1.7543243
Kazakhstan,KAZ,2014,1.7502326
Kazakhstan,KAZ,2015,1.5927211
Kazakhstan,KAZ,2016,1.6787763
Kazakhstan,KAZ,2017,1.5734091
Kazakhstan,KAZ,2018,1.68217
Kazakhstan,KAZ,2019,1.0614433
Kazakhstan,KAZ,2020,1.2787724
Kazakhstan,KAZ,2021,1.1380209
Kazakhstan,KAZ,2022,1.1
Kazakhstan,KAZ,2023,1.075
Malaysia,MYS,1970,1.9705882
Malaysia,MYS,1971,1.5748792
Malaysia,MYS,1972,1.6579353
Malaysia,MYS,1973,1.6235795
Malaysia,MYS,1974,1.1909548
Malaysia,MYS,1975,0.9411765
Malaysia,MYS,1976,0.85271317
Malaysia,MYS,1977,0.75213677
Malaysia,MYS,1978,0.7593333
Malaysia,MYS,1979,0.45207018
Malaysia,MYS,1980,1.0317892
Malaysia,MYS,1981,0.8216483
Malaysia,MYS,1982,0.74274904
Malaysia,MYS,1983,0.63759845
Malaysia,MYS,1984,0.7803142
Malaysia,MYS,1985,0.584209
Malaysia,MYS,1986,0.6419161
Malaysia,MYS,1987,0.5263373
Malaysia,MYS,1988,0.37042916
Malaysia,MYS,1989,0.3448291
Malaysia,MYS,1990,0.3523717
Malaysia,MYS,1991,0.33911532
Malaysia,MYS,1992,0.31485048
Malaysia,MYS,1993,0.06256727
Malaysia,MYS,1994,0.15275377
Malaysia,MYS,1995,0.16467232
Malaysia,MYS,1996,0.18690598
Malaysia,MYS,1997,0.22874263
Malaysia,MYS,1998,0.13030162
Malaysia,MYS,1999,0.17265426
Malaysia,MYS,2000,0.0906397
Malaysia,MYS,2001,0.04683285
Malaysia,MYS,2002,0.027760416
Malaysia,MYS,2003,0.0037464052
Malaysia,MYS,2004,0.0012439025
Malaysia,MYS,2005,0.0026601125
Malaysia,MYS,2006,0.047567874
Malaysia,MYS,2007,0.07094344
Malaysia,MYS,2008,0.131775
Malaysia,MYS,2009,0.13131866
Malaysia,MYS,2010,0.05199749
Malaysia,MYS,2011,0.07407126
Malaysia,MYS,2012,0.048171148
Malaysia,MYS,2013,0.07053041
Malaysia,MYS,2014,1.3565892
Malaysia,MYS,2015,9.421769
Malaysia,MYS,2016,0.1199035
Malaysia,MYS,2017,0.06140617
Malaysia,MYS,2018,0.17292786
Malaysia,MYS,2019,0.23210335
Malaysia,MYS,2020,0.14059182
Malaysia,MYS,2021,0.012389843
Malaysia,MYS,2022,0.03245625
Mexico,MEX,2007,0.009049774
Mexico,MEX,2008,0.008928572
Mexico,MEX,2009,0.009569378
Mexico,MEX,2010,0.008891214
Mexico,MEX,2011,0.005669291
Mexico,MEX,2012,0.037944663
Montenegro,MNE,2006,0.3416425
Montenegro,MNE,2007,0.30183393
Montenegro,MNE,2008,0.2999156
Montenegro,MNE,2009,0.021903828
Montenegro,MNE,2010,0.025608787
Montenegro,MNE,2011,0.062446456
Montenegro,MNE,2012,0
Montenegro,MNE,2013,0.020660136
Montenegro,MNE,2014,0.06013682
Montenegro,MNE,2015,0.017132312
Montenegro,MNE,2016,0.18048951
Montenegro,MNE,2017,0.30124903
Montenegro,MNE,2018,0.13729149
Montenegro,MNE,2019,0.19967139
Montenegro,MNE,2020,0.22942634
Montenegro,MNE,2021,0.1411586
Montenegro,MNE,2022,0.11051675
Mozambique,MOZ,1970,0.012110727
Mozambique,MOZ,1971,0.011272142
Mozambique,MOZ,1972,0.00770416
Mozambique,MOZ,1973,0.0085227275
Mozambique,MOZ,1974,0.0075376886
Mozambique,MOZ,1975,0.006684492
Mozambique,MOZ,1976,0.006459948
Mozambique,MOZ,1982,0
Mozambique,MOZ,1983,0
Mozambique,MOZ,1984,0
Mozambique,MOZ,1985,0.0059821852
Mozambique,MOZ,1986,0.0048163263
Mozambique,MOZ,1987,0.0055829696
Mozambique,MOZ,1988,0.0067227925
Mozambique,MOZ,1989,0.005340777
Mozambique,MOZ,1990,0.006359292
Mozambique,MOZ,1991,0.006990991
Mozambique,MOZ,1992,0.008419048
Mozambique,MOZ,1993,0.0054454547
Mozambique,MOZ,1994,0.009075472
Mozambique,MOZ,1995,0.009520535
Mozambique,MOZ,1996,0.009794017
Mozambique,MOZ,1997,0.0067360657
Mozambique,MOZ,1998,0.0049617887
Mozambique,MOZ,1999,0.0061108526
Mozambique,MOZ,2000,0.005977941
Mozambique,MOZ,2001,0.0062751826
Mozambique,MOZ,2002,0.0063326387
Mozambique,MOZ,2003,0.007707843
Mozambique,MOZ,2004,0.0040993905
Mozambique,MOZ,2005,0.005347191
Mozambique,MOZ,2006,0.005735233
Mozambique,MOZ,2007,0.003914027
Mozambique,MOZ,2008,0.0024299107
Mozambique,MOZ,2009,0.0017282297
Mozambique,MOZ,2010,0.0035799164
Mozambique,MOZ,2011,0.0040755905
Mozambique,MOZ,2012,0.003412253
Mozambique,MOZ,2013,0.0020912162
Mozambique,MOZ,2014,0.0012883721
Mozambique,MOZ,2015,0.0016955782
Mozambique,MOZ,2016,0.00050734263
Mozambique,MOZ,2017,0.0010331168
Mozambique,MOZ,2018,0.0029067448
Mozambique,MOZ,2019,0.0020680411
Mozambique,MOZ,2020,0.0016601023
Mozambique,MOZ,2021,0.0020447916
Mozambique,MOZ,2022,0.00364575
Pakistan,PAK,1987,0.0037631004
Pakistan,PAK,1988,0.002566735
Pakistan,PAK,1989,0.0019097087
Pakistan,PAK,1990,0.0022840707
Pakistan,PAK,1991,0.0038954956
Pakistan,PAK,1992,0.0032961904
Pakistan,PAK,1993,0.0044045453
Pakistan,PAK,1994,0.0035707548
Pakistan,PAK,1995,0.0052660713
Pakistan,PAK,1996,0.003068376
Pakistan,PAK,1997,0.004044262
Pakistan,PAK,1998,0.02065691
Pakistan,PAK,1999,0.008694573
Pakistan,PAK,2000,0.007630147
Pakistan,PAK,2001,0.0027211679
Pakistan,PAK,2002,0.008495139
Pakistan,PAK,2003,0.0026784313
Pakistan,PAK,2004,0.0029554877
Pakistan,PAK,2005,0.0036539326
Pakistan,PAK,2006,0.004057513
Pakistan,PAK,2007,0.0081981905
Pakistan,PAK,2008,0.01596384
Pakistan,PAK,2009,0.0074779904
Pakistan,PAK,2010,0.004657322
Pakistan,PAK,2011,0.0035562993
Pakistan,PAK,2012,0.01194585
Pakistan,PAK,2013,0.008543244
Pakistan,PAK,2014,0.012075969
Pakistan,PAK,2015,0.008397619
Pakistan,PAK,2016,0.019938461
Pakistan,PAK,2017,0.024472402
Pakistan,PAK,2018,0.04257742
Pakistan,PAK,2019,0.023952577
Pakistan,PAK,2020,0.025843222
Pakistan,PAK,2021,0.025389323
Pakistan,PAK,2022,0.01875
Romania,ROU,1970,1.3425605
Romania,ROU,1971,1.4476651
Romania,ROU,1972,1.375963
Romania,ROU,1973,1.2784091
Romania,ROU,1974,1.0778894
Romania,ROU,1975,1.0414438
Romania,ROU,1976,1.1498708
Romania,ROU,1977,0.85714287
Romania,ROU,1978,0.8740741
Romania,ROU,1979,0.5847953
Romania,ROU,1980,0.5044843
Romania,ROU,1981,0.46893317
Romania,ROU,1982,0.47919294
Romania,ROU,1983,0.53367215
Romania,ROU,1984,0.5275229
Romania,ROU,1985,0.5463183
Romania,ROU,1986,0.3888889
Romania,ROU,1987,0.36790392
Romania,ROU,1988,0.36550307
Romania,ROU,1989,0.3038835
Romania,ROU,1990,0.21893805
Romania,ROU,1991,0.18063062
Romania,ROU,1992,0.16771428
Romania,ROU,1993,0.16963637
Romania,ROU,1994,0.17367925
Romania,ROU,1995,0.15625
Romania,ROU,1996,0.14974359
Romania,ROU,1997,0.10446721
Romania,ROU,1998,0.13159756
Russia,RUS,1992,4.36
Russia,RUS,1993,3.8727272
Russia,RUS,1994,3.4273584
Russia,RUS,1995,3.3089285
Russia,RUS,1996,3.357265
Russia,RUS,1997,3.2688525
Russia,RUS,1998,3.3268292
Russia,RUS,1999,3.4984496
Russia,RUS,2000,3.7419116
Russia,RUS,2001,3.5072992
Russia,RUS,2002,3.1845138
Russia,RUS,2003,3.556732
Russia,RUS,2004,3.6692684
Russia,RUS,2005,3.6007304
Russia,RUS,2006,3.3156476
Russia,RUS,2007,2.7393212
Russia,RUS,2008,2.533482
Russia,RUS,2009,2.535885
Russia,RUS,2010,2.1066945
Russia,RUS,2011,2.1181102
Russia,RUS,2012,2.0418973
Russia,RUS,2013,1.7979729
Russia,RUS,2014,2.166279
Russia,RUS,2015,1.8360544
Russia,RUS,2016,1.8993007
Russia,RUS,2017,1.7931818
Russia,RUS,2018,2.06434
Russia,RUS,2019,1.7924743
Russia,RUS,2020,1.4245524
Russia,RUS,2021,1.4791666
Russia,RUS,2022,1.445
Russia,RUS,2023,1.45
Saudi Arabia,SAU,2008,0
Saudi Arabia,SAU,2009,0
Saudi Arabia,SAU,2010,0.09866569
Saudi Arabia,SAU,2011,0.081220075
Saudi Arabia,SAU,2012,0.3004403
Saudi Arabia,SAU,2013,0.35282433
Saudi Arabia,SAU,2014,0.80465114
Saudi Arabia,SAU,2015,1.0278912
Saudi Arabia,SAU,2016,1.6671329
Saudi Arabia,SAU,2017,1.3366883
Saudi Arabia,SAU,2018,1.3872991
Saudi Arabia,SAU,2019,1.3213917
Saudi Arabia,SAU,2020,1.1023018
Saudi Arabia,SAU,2021,1.2447916
Saudi Arabia,SAU,2022,1.2
Saudi Arabia,SAU,2023,1.15
Serbia and Montenegro,OWID_SRM,1992,0.7542857
Serbia and Montenegro,OWID_SRM,1993,0.09272727
Serbia and Montenegro,OWID_SRM,1994,0
Serbia and Montenegro,OWID_SRM,1995,0.05357143
Serbia and Montenegro,OWID_SRM,1996,0.2760684
Serbia and Montenegro,OWID_SRM,1997,0.3852869
Serbia and Montenegro,OWID_SRM,1998,0.19389349
Serbia and Montenegro,OWID_SRM,1999,0.3902589
Serbia and Montenegro,OWID_SRM,2000,0.4632353
Serbia and Montenegro,OWID_SRM,2001,0.459854
Serbia and Montenegro,OWID_SRM,2002,0.42465279
Serbia and Montenegro,OWID_SRM,2003,0.3529745
Serbia and Montenegro,OWID_SRM,2004,0.37195122
Serbia and Montenegro,OWID_SRM,2005,0.3777219
Sierra Leone,SLE,1970,0.7768166
Sierra Leone,SLE,1971,0.9500805
Sierra Leone,SLE,1972,1.0677966
Sierra Leone,SLE,1973,0.984375
Sierra Leone,SLE,1974,0.8442211
Sierra Leone,SLE,1975,0.95721924
Sierra Leone,SLE,1976,0.84108526
Sierra Leone,SLE,1977,0.96459097
Sierra Leone,SLE,1978,0.99339134
Sierra Leone,SLE,1979,0.6821778
Sierra Leone,SLE,1980,0.75557065
Sierra Leone,SLE,1981,0.7146835
Sierra Leone,SLE,1982,0.7969735
Sierra Leone,SLE,1983,0.99771285
Sierra Leone,SLE,1984,1.1940367
Sierra Leone,SLE,1985,1.4067696
Sierra Leone,SLE,1986,1.410771
Sierra Leone,SLE,1987,1.5181223
Sierra Leone,SLE,1988,1.4160165
Sierra Leone,SLE,1989,1.5163107
Sierra Leone,SLE,1990,1.2788672
Sierra Leone,SLE,1991,1.2398198
Sierra Leone,SLE,1992,1.1970476
Sierra Leone,SLE,1993,0.859
Sierra Leone,SLE,1994,0.6931132
Sierra Leone,SLE,2002,0
Sierra Leone,SLE,2003,0
Sierra Leone,SLE,2004,0
Sierra Leone,SLE,2005,0
Sierra Leone,SLE,2006,0.5549948
Sierra Leone,SLE,2007,0.52897555
Sierra Leone,SLE,2008,0.42605802
Sierra Leone,SLE,2009,0.35541627
Sierra Leone,SLE,2010,0.45570335
Sierra Leone,SLE,2011,0.5200787
Sierra Leone,SLE,2012,0.30671936
Sierra Leone,SLE,2013,0.20810811
Sierra Leone,SLE,2014,0.45027325
Sierra Leone,SLE,2015,0.48816156
Sierra Leone,SLE,2016,0.49986014
Sierra Leone,SLE,2017,0.5920682
Sierra Leone,SLE,2018,0.5965865
Sierra Leone,SLE,2019,0.505799
Sierra Leone,SLE,2020,0.36879462
Sierra Leone,SLE,2021,0.37905052
Sierra Leone,SLE,2022,0.24339975
Solomon Islands,SLB,2011,0
Solomon Islands,SLB,2012,0
Solomon Islands,SLB,2013,0
Solomon Islands,SLB,2014,0.000015503876
Solomon Islands,SLB,2015,0.08911565
Solomon Islands,SLB,2016,0.08181818
Solomon Islands,SLB,2017,0.4948052
Solomon Islands,SLB,2018,0.46950147
Solomon Islands,SLB,2019,0.31108248
Solomon Islands,SLB,2020,0.214578
Solomon Islands,SLB,2021,0
Solomon Islands,SLB,2022,0
Spain,ESP,1970,0.008650519
Spain,ESP,1971,0.0080515295
Spain,ESP,1972,0.009244992
Spain,ESP,1973,0.011363637
Spain,ESP,1974,0.010050251
Spain,ESP,1975,0.014705882
Spain,ESP,1976,0.016795866
Spain,ESP,1977,0.012210012
Spain,ESP,1978,0.011449383
Spain,ESP,1979,0.019701755
Spain,ESP,1980,0.010798207
Spain,ESP,1981,0.010468933
Spain,ESP,1982,0.009282472
Spain,ESP,1983,0.006617535
Spain,ESP,1984,0.008340596
Spain,ESP,1985,0.0028824229
Spain,ESP,1986,0.0034013605
Spain,ESP,1987,0.0011462882
Spain,ESP,1988,0.002566735
Spain,ESP,2020,0
Spain,ESP,2021,0
Spain,ESP,2022,0
Spain,ESP,2023,0
Suriname,SUR,1970,10.399654
Suriname,SUR,1971,10.816425
Suriname,SUR,1972,10.442219
Suriname,SUR,1973,9.544034
Suriname,SUR,1974,8.649497
Suriname,SUR,1975,6.3516045
Suriname,SUR,1976,5.923773
Suriname,SUR,1977,5.929182
Suriname,SUR,1978,6.1987653
Suriname,SUR,1979,5.577778
Suriname,SUR,1980,5.485426
Suriname,SUR,1981,4.8358736
Suriname,SUR,1982,3.8587642
Suriname,SUR,1983,3.54892
Suriname,SUR,1984,3.8704128
Suriname,SUR,1985,4.4394298
Suriname,SUR,1986,4.230159
Suriname,SUR,1987,2.7532752
Suriname,SUR,1988,3.517454
Suriname,SUR,1989,3.3566484
Suriname,SUR,1990,2.890937
Suriname,SUR,1991,2.8255324
Suriname,SUR,1992,3.097081
Suriname,SUR,1993,2.8691638
Suriname,SUR,1994,3.558166
Suriname,SUR,1995,3.1519732
Suriname,SUR,1996,3.164553
Suriname,SUR,1997,3.1780188
Suriname,SUR,1998,3.1960227
Suriname,SUR,1999,2.879531
Suriname,SUR,2000,2.654692
Suriname,SUR,2001,3.2070365
Suriname,SUR,2002,2.7788904
Suriname,SUR,2003,2.754942
Suriname,SUR,2004,2.4921384
Suriname,SUR,2005,2.6724708
Suriname,SUR,2006,2.562359
Suriname,SUR,2007,2.3860612
Suriname,SUR,2008,2.3808174
Suriname,SUR,2009,1.6212531
Suriname,SUR,2010,1.2956694
Suriname,SUR,2011,1.2740614
Suriname,SUR,2012,1.1360917
Suriname,SUR,2013,0.9022567
Suriname,SUR,2014,1.0495034
Suriname,SUR,2015,0.63440406
Tanzania,TZA,2005,0.00092134834
Tanzania,TZA,2006,0.0027839378
Tanzania,TZA,2007,0.002263801
Tanzania,TZA,2008,0.009196875
Tanzania,TZA,2009,0.058813397
Tanzania,TZA,2010,0.016454393
Tanzania,TZA,2011,0.011622047
Tanzania,TZA,2012,0.011238735
Tanzania,TZA,2013,0.013505743
Tanzania,TZA,2014,0.009938372
Tanzania,TZA,2015,0.00006972789
Tanzania,TZA,2016,0.000025524476
Tanzania,TZA,2017,0.000003896104
Tanzania,TZA,2018,0.0031659824
Tanzania,TZA,2019,0
Tanzania,TZA,2020,0.0066483375
Tanzania,TZA,2021,0.009932812
Tanzania,TZA,2022,0.01023025
Turkey,TUR,1970,0.0882353
Turkey,TUR,1971,0.24637681
Turkey,TUR,1972,0.3990755
Turkey,TUR,1973,0.51420456
Turkey,TUR,1974,0.83542717
Turkey,TUR,1975,0.7459893
Turkey,TUR,1976,0.5981912
Turkey,TUR,1977,0.6923077
Turkey,TUR,1978,0.55447656
Turkey,TUR,1979,0.18147719
Turkey,TUR,1980,0.6127197
Turkey,TUR,1981,0.69135636
Turkey,TUR,1982,0.6410984
Turkey,TUR,1983,0.38926303
Turkey,TUR,1984,0.15088646
Turkey,TUR,1985,0.25386223
Turkey,TUR,1986,0.31791496
Turkey,TUR,1987,0.28283298
Turkey,TUR,1988,0.27662936
Turkey,TUR,1989,0.5187116
Turkey,TUR,1990,0.68378145
Turkey,TUR,1991,0.43567386
Turkey,TUR,1992,0.58380574
Turkey,TUR,1993,0.54054546
Turkey,TUR,1994,0.35224622
Turkey,TUR,1995,0.20739107
Turkey,TUR,1996,0.46539572
Turkey,TUR,1997,0.3028541
Turkey,TUR,1998,0.3723805
Turkey,TUR,1999,0.16104108
Turkey,TUR,2000,0.33715954
Turkey,TUR,2001,0.17667153
Turkey,TUR,2002,0.19958542
Turkey,TUR,2003,0.2381085
Turkey,TUR,2004,0.22307073
Turkey,TUR,2005,0.20026967
Turkey,TUR,2006,0.3995995
Turkey,TUR,2007,0.39068055
Turkey,TUR,2008,0.36559287
Turkey,TUR,2009,0.1945933
Turkey,TUR,2010,0.54856235
Turkey,TUR,2011,0.40350986
Turkey,TUR,2012,0.60124505
Turkey,TUR,2013,0.26877093
Turkey,TUR,2014,0.42303953
Turkey,TUR,2015,0.17637755
Turkey,TUR,2016,0.34585875
Turkey,TUR,2017,0.55816364
Turkey,TUR,2018,0.19886746
Turkey,TUR,2019,0.58130926
Turkey,TUR,2020,0.6137289
Turkey,TUR,2021,0.720019
Turkey,TUR,2022,0.7
Turkey,TUR,2023,0.5
USSR,OWID_USS,1970,7.4394464
USSR,OWID_USS,1971,6.6022544
USSR,OWID_USS,1972,11.402157
USSR,OWID_USS,1973,11.221591
USSR,OWID_USS,1974,10.552764
USSR,OWID_USS,1975,8.823529
USSR,OWID_USS,1976,8.656331
USSR,OWID_USS,1977,8.180708
USSR,OWID_USS,1978,8.271605
USSR,OWID_USS,1979,7.6023393
USSR,OWID_USS,1980,7.1748877
USSR,OWID_USS,1981,7.5029306
USSR,OWID_USS,1982,8.070618
USSR,OWID_USS,1983,8.005082
USSR,OWID_USS,1984,7.1100917
USSR,OWID_USS,1985,7.6009502
USSR,OWID_USS,1986,7.1145124
USSR,OWID_USS,1987,6.2227073
USSR,OWID_USS,1988,9.494866
USSR,OWID_USS,1989,8.731068
USSR,OWID_USS,1990,8.182301
USSR,OWID_USS,1991,7.0900903
Ukraine,UKR,2020,0
Ukraine,UKR,2021,0
Ukraine,UKR,2022,0
Ukraine,UKR,2023,0
United Arab Emirates,ARE,2020,0
United Arab Emirates,ARE,2021,0
United Arab Emirates,ARE,2022,0
United Arab Emirates,ARE,2023,0
United States,USA,1900,26.818182
United States,USA,1901,18.113207
United States,USA,1902,20.441177
United States,USA,1903,25.873016
United States,USA,1904,36.390976
United States,USA,1905,30.754717
United States,USA,1906,38.0597
United States,USA,1907,36.914497
United States,USA,1908,21.8107
United States,USA,1909,47.636364
United States,USA,1910,42.41573
United States,USA,1911,37.17647
United States,USA,1912,37.24138
United States,USA,1913,39.703156
United States,USA,1914,94.49152
United States,USA,1915,94.08099
United States,USA,1916,61.626247
United States,USA,1917,56.116505
United States,USA,1918,75.18337
United States,USA,1919,67.31107
United States,USA,1920,58.82353
United States,USA,1921,44.654087
United States,USA,1922,44.935806
United States,USA,1923,44.25
United States,USA,1924,30.431034
United States,USA,1925,23.333334
United States,USA,1926,28.913044
United States,USA,1927,17.340425
United States,USA,1928,18.768473
United States,USA,1929,17.302326
United States,USA,1930,20.613497
United States,USA,1931,17.304348
United States,USA,1932,9.79
United States,USA,1933,14.272727
United States,USA,1934,12.932331
United States,USA,1935,14.067797
United States,USA,1936,13.639576
United States,USA,1937,11.52
United States,USA,1938,8.165375
United States,USA,1939,8.778802
United States,USA,1940,10.159453
United States,USA,1941,15.581015
United States,USA,1942,31.578947
United States,USA,1943,45.214287
United States,USA,1944,41.235634
United States,USA,1945,29.067055
United States,USA,1946,25.688074
United States,USA,1947,19.303797
United States,USA,1948,17.70335
United States,USA,1949,14.216282
United States,USA,1950,16.625917
United States,USA,1951,17.247707
United States,USA,1952,13.203125
United States,USA,1953,11.666667
United States,USA,1954,12.530864
United States,USA,1955,10.224719
United States,USA,1956,9.414893
United States,USA,1957,7.02439
United States,USA,1958,6.2149534
United States,USA,1959,7.4891777
United States,USA,1960,7.3550725
United States,USA,1961,4.251701
United States,USA,1962,4.4694533
United States,USA,1963,5.04886
United States,USA,1964,4.8802395
United States,USA,1965,4.4919786
United States,USA,1966,4.4717445
United States,USA,1967,3.7668161
United States,USA,1968,3.673913
United States,USA,1969,3.6100385
United States,USA,1970,3.66782
United States,USA,1971,3.252818
United States,USA,1972,2.835131
United States,USA,1973,2.7130682
United States,USA,1974,2.4874372
United States,USA,1975,2.4064171
United States,USA,1976,2.5710595
United States,USA,1977,2.4542124
United States,USA,1978,2.0617285
United States,USA,1979,2.128655
United States,USA,1980,1.748879
United States,USA,1981,1.7702228
United States,USA,1982,0.9230769
United States,USA,1983,0.86277
United States,USA,1984,0.98165137
United States,USA,1985,0.80047506
United States,USA,1986,0.5782313
United States,USA,1987,0.62882096
United States,USA,1988,0.6036961
United States,USA,1989,0.65048546
United States,USA,1990,0.4380531
United States,USA,1991,0.045045044
United States,USA,1992,0.042857144
United States,USA,1993,0.05
United States,USA,1994,0.3745283
United States,USA,1995,0.23035714
United States,USA,1996,0.1991453
United States,USA,1997,0.1622795
United States,USA,1998,0.18316098
United States,USA,1999,0.25917053
United States,USA,2000,0.18800883
United States,USA,2001,0.18077518
United States,USA,2002,0.17474514
United States,USA,2003,0.089201964
United States,USA,2004,0.15845732
United States,USA,2005,0.068082586
United States,USA,2006,0.18707098
United States,USA,2007,0.058254298
United States,USA,2008,0.040011607
United States,USA,2009,0.013125838
United States,USA,2010,0.022449372
United States,USA,2011,0.022544095
United States,USA,2012,0.04595178
United States,USA,2013,0.04145338
United States,USA,2014,0.05165349
United States,USA,2015,0.16452211
United States,USA,2016,0.09542238
United States,USA,2017,0.11431688
United States,USA,2018,0.11721759
United States,USA,2019,0.039914947
United States,USA,2020,0.004204092
United States,USA,2021,0
United States,USA,2022,0.003475
Venezuela,VEN,1983,0
Venezuela,VEN,1984,0
Venezuela,VEN,1985,0
Venezuela,VEN,1986,0.0014455782
Venezuela,VEN,1987,0.26763865
Venezuela,VEN,1988,0.53542507
Venezuela,VEN,1989,0.6813301
Venezuela,VEN,1990,0.68267435
Venezuela,VEN,1991,1.7991586
Venezuela,VEN,1992,1.0637429
Venezuela,VEN,1993,2.3002882
Venezuela,VEN,1994,4.502714
Venezuela,VEN,1995,4.482536
Venezuela,VEN,1996,4.1316686
Venezuela,VEN,1997,4.0711427
Venezuela,VEN,1998,3.9232903
Venezuela,VEN,1999,3.2298062
Venezuela,VEN,2000,3.2064118
Venezuela,VEN,2001,3.3466372
Venezuela,VEN,2002,3.6047263
Venezuela,VEN,2003,3.5591607
Venezuela,VEN,2004,3.5455518
Venezuela,VEN,2005,3.3146067
Venezuela,VEN,2006,3.0715027
Venezuela,VEN,2007,2.5309086
Venezuela,VEN,2008,1.8714348
Venezuela,VEN,2009,1.7276838
Venezuela,VEN,2010,1.308051
Venezuela,VEN,2011,0.9664445
Venezuela,VEN,2012,0.90353715
Venezuela,VEN,2013,0.7926216
Venezuela,VEN,2014,0.90936434
Venezuela,VEN,2015,0.33735034
Venezuela,VEN,2016,0.11888112
Venezuela,VEN,2017,0.07860357
Venezuela,VEN,2018,0.026304692
Venezuela,VEN,2019,0.012886598
Venezuela,VEN,2020,0
Venezuela,VEN,2021,0
Venezuela,VEN,2022,0
Vietnam,VNM,1995,0
Vietnam,VNM,1996,0.025641026
Vietnam,VNM,1997,0.023770493
Vietnam,VNM,1998,0.037691057
Vietnam,VNM,1999,0.023255814
Vietnam,VNM,2000,0.011764706
Vietnam,VNM,2001,0.01459854
Vietnam,VNM,2002,0.013888889
Vietnam,VNM,2003,0.013071896
Vietnam,VNM,2004,0.0121951215
Vietnam,VNM,2005,0.030898876
Vietnam,VNM,2006,0.031088082
Vietnam,VNM,2007,0.036199097
Vietnam,VNM,2008,0.035714287
Vietnam,VNM,2009,0.03827751
Vietnam,VNM,2010,0.033472802
Vietnam,VNM,2011,0.03937008
Vietnam,VNM,2012,0.03952569
Vietnam,VNM,2013,0.16283783
Vietnam,VNM,2014,0.42635658
Vietnam,VNM,2015,0.37414965
Vietnam,VNM,2016,0.48951048
Vietnam,VNM,2017,0.90909094
Vietnam,VNM,2018,1.0468328
Vietnam,VNM,2019,0.82474226
Vietnam,VNM,2020,0.89514065
Vietnam,VNM,2021,0.9973958
Vietnam,VNM,2022,0.975
Vietnam,VNM,2023,0.925
West Germany,OWID_GFR,1970,0.0051903115
West Germany,OWID_GFR,1971,0.004830918
West Germany,OWID_GFR,1972,0.0030816642
West Germany,OWID_GFR,1973,0.0028409092
World,OWID_WRL,1900,100
World,OWID_WRL,1901,100
World,OWID_WRL,1902,100
World,OWID_WRL,1903,100
World,OWID_WRL,1904,100
World,OWID_WRL,1905,100
World,OWID_WRL,1906,100
World,OWID_WRL,1907,100
World,OWID_WRL,1908,100
World,OWID_WRL,1909,100
World,OWID_WRL,1910,100
World,OWID_WRL,1911,100
World,OWID_WRL,1912,100
World,OWID_WRL,1913,100
World,OWID_WRL,1914,100
World,OWID_WRL,1915,100
World,OWID_WRL,1916,100
World,OWID_WRL,1917,100
World,OWID_WRL,1918,100
World,OWID_WRL,1919,100
World,OWID_WRL,1920,100
World,OWID_WRL,1921,100
World,OWID_WRL,1922,100
World,OWID_WRL,1923,100
World,OWID_WRL,1924,100
World,OWID_WRL,1925,100
World,OWID_WRL,1926,100
World,OWID_WRL,1927,100
World,OWID_WRL,1928,100
World,OWID_WRL,1929,100
World,OWID_WRL,1930,100
World,OWID_WRL,1931,100
World,OWID_WRL,1932,100
World,OWID_WRL,1933,100
World,OWID_WRL,1934,100
World,OWID_WRL,1935,100
World,OWID_WRL,1936,100
World,OWID_WRL,1937,100
World,OWID_WRL,1938,100
World,OWID_WRL,1939,100
World,OWID_WRL,1940,100
World,OWID_WRL,1941,100
World,OWID_WRL,1942,100
World,OWID_WRL,1943,100
World,OWID_WRL,1944,100
World,OWID_WRL,1945,100
World,OWID_WRL,1946,100
World,OWID_WRL,1947,100
World,OWID_WRL,1948,100
World,OWID_WRL,1949,100
World,OWID_WRL,1950,100
World,OWID_WRL,1951,100
World,OWID_WRL,1952,100
World,OWID_WRL,1953,100
World,OWID_WRL,1954,100
World,OWID_WRL,1955,100
World,OWID_WRL,1956,100
World,OWID_WRL,1957,100
World,OWID_WRL,1958,100
World,OWID_WRL,1959,100
World,OWID_WRL,1960,100
World,OWID_WRL,1961,100
World,OWID_WRL,1962,100
World,OWID_WRL,1963,100
World,OWID_WRL,1964,100
World,OWID_WRL,1965,100
World,OWID_WRL,1966,100
World,OWID_WRL,1967,100
World,OWID_WRL,1968,100
World,OWID_WRL,1969,100
World,OWID_WRL,1970,100
World,OWID_WRL,1971,100
World,OWID_WRL,1972,100
World,OWID_WRL,1973,100
World,OWID_WRL,1974,100
World,OWID_WRL,1975,100
World,OWID_WRL,1976,100
World,OWID_WRL,1977,100
World,OWID_WRL,1978,100
World,OWID_WRL,1979,100
World,OWID_WRL,1980,100
World,OWID_WRL,1981,100
World,OWID_WRL,1982,100
World,OWID_WRL,1983,100
World,OWID_WRL,1984,100
World,OWID_WRL,1985,100
World,OWID_WRL,1986,100
World,OWID_WRL,1987,100
World,OWID_WRL,1988,100
World,OWID_WRL,1989,100
World,OWID_WRL,1990,100
World,OWID_WRL,1991,100
World,OWID_WRL,1992,100
World,OWID_WRL,1993,100
World,OWID_WRL,1994,100
World,OWID_WRL,1995,100
World,OWID_WRL,1996,100
World,OWID_WRL,1997,100
World,OWID_WRL,1998,100
World,OWID_WRL,1999,100
World,OWID_WRL,2000,100
World,OWID_WRL,2001,100
World,OWID_WRL,2002,100
World,OWID_WRL,2003,100
World,OWID_WRL,2004,100
World,OWID_WRL,2005,100
World,OWID_WRL,2006,100
World,OWID_WRL,2007,100
World,OWID_WRL,2008,100
World,OWID_WRL,2009,100
World,OWID_WRL,2010,100
World,OWID_WRL,2011,100
World,OWID_WRL,2012,100
World,OWID_WRL,2013,100
World,OWID_WRL,2014,100
World,OWID_WRL,2015,100
World,OWID_WRL,2016,100
World,OWID_WRL,2017,100
World,OWID_WRL,2018,100
World,OWID_WRL,2019,100
World,OWID_WRL,2020,100
World,OWID_WRL,2021,100
World,OWID_WRL,2022,100
World,OWID_WRL,2023,100
Yugoslavia,OWID_YGS,1970,3.6314878
Yugoslavia,OWID_YGS,1971,3.1545894
Yugoslavia,OWID_YGS,1972,3.2311249
Yugoslavia,OWID_YGS,1973,3.0738637
Yugoslavia,OWID_YGS,1974,3.0012562
Yugoslavia,OWID_YGS,1975,3.0828876
Yugoslavia,OWID_YGS,1976,2.626615
Yugoslavia,OWID_YGS,1977,2.4957266
Yugoslavia,OWID_YGS,1978,3.1679013
Yugoslavia,OWID_YGS,1979,3.5228071
Yugoslavia,OWID_YGS,1980,3.5183666
Yugoslavia,OWID_YGS,1981,3.8089097
Yugoslavia,OWID_YGS,1982,4.625473
Yugoslavia,OWID_YGS,1983,4.4477344
Yugoslavia,OWID_YGS,1984,3.8388326
Yugoslavia,OWID_YGS,1985,3.859613
Yugoslavia,OWID_YGS,1986,3.9216745
Yugoslavia,OWID_YGS,1987,3.7052402
Yugoslavia,OWID_YGS,1988,3.1147783
Yugoslavia,OWID_YGS,1989,3.1577358
Yugoslavia,OWID_YGS,1990,2.6127965
Yugoslavia,OWID_YGS,1991,2.29009
Zimbabwe,ZWE,1977,0.0036630037
Zimbabwe,ZWE,1978,0.005948148
Zimbabwe,ZWE,1979,0.005936842
Zimbabwe,ZWE,1980,0.0047993273
Zimbabwe,ZWE,1981,0.006024619
Zimbabwe,ZWE,1982,0.009499369
Zimbabwe,ZWE,1983,0.029409148
Zimbabwe,ZWE,1984,0.026061926
Zimbabwe,ZWE,1985,0.024794538
Zimbabwe,ZWE,1986,0.02753288